species	antimicrobial	determinant	aliases	determinant_type	reference	product_require	product_exclude	notes
Staphylococcus aureus	methicillin	mecA	mecA	presence_absence	https://card.mcmaster.ca/ontology/36911	PBP2a|penicillin.binding|transpeptidase	adaptor	PBP2a annotation required; excludes unrelated MecA adaptor. Other mec determinants require catalogue review.
Staphylococcus aureus	oxacillin	mecA	mecA	presence_absence	https://card.mcmaster.ca/ontology/36911	PBP2a|penicillin.binding|transpeptidase	adaptor	PBP2a annotation required; excludes unrelated MecA adaptor. Other mec determinants require catalogue review.
Staphylococcus aureus	benzylpenicillin	blaZ	blaZ;blaPC1	presence_absence	https://card.csu.mcmaster.ca/ontology/41361			Expression and additional determinants may affect phenotype.
Staphylococcus aureus	tetracycline	tetK	tetK	presence_absence	https://pmc.ncbi.nlm.nih.gov/articles/PMC1068614/			Gene family label screen; other tetracycline determinants may require curation.
Staphylococcus aureus	tetracycline	tetM	tetM	presence_absence	https://pmc.ncbi.nlm.nih.gov/articles/PMC1068614/			Gene family label screen; other tetracycline determinants may require curation.
Staphylococcus aureus	minocycline	tetM	tetM	presence_absence	https://pmc.ncbi.nlm.nih.gov/articles/PMC1068614/			Do not extrapolate tetK or tetM presence to tigecycline.
Staphylococcus aureus	erythromycin	ermA	ermA	presence_absence	https://journals.asm.org/doi/full/10.1128/jcm.01925-07			Inducible expression can change clindamycin susceptibility; presence is a candidate predictor.
Staphylococcus aureus	erythromycin	ermC	ermC	presence_absence	https://journals.asm.org/doi/full/10.1128/jcm.01925-07			Inducible expression can change clindamycin susceptibility; presence is a candidate predictor.
Staphylococcus aureus	clindamycin	ermA	ermA	presence_absence	https://journals.asm.org/doi/full/10.1128/jcm.01925-07			Inducible expression can change clindamycin susceptibility; presence is a candidate predictor.
Staphylococcus aureus	clindamycin	ermC	ermC	presence_absence	https://journals.asm.org/doi/full/10.1128/jcm.01925-07			Inducible expression can change clindamycin susceptibility; presence is a candidate predictor.
Staphylococcus aureus	fusidic_acid	fusB	fusB	presence_absence	https://pmc.ncbi.nlm.nih.gov/articles/PMC1855526/			Acquired target protection; fusA mutations remain deferred.
Staphylococcus aureus	fusidic_acid	fusC	fusC	presence_absence	https://pmc.ncbi.nlm.nih.gov/articles/PMC1855526/			Acquired target protection; fusA mutations remain deferred.
Staphylococcus aureus	mupirocin	mupA	mupA;ileS2	presence_absence	https://pmc.ncbi.nlm.nih.gov/articles/PMC3318397/			Acquired high-level resistance mechanism; native ileS gene presence is not a resistance state.
Staphylococcus aureus	mupirocin	mupB	mupB	presence_absence	https://pmc.ncbi.nlm.nih.gov/articles/PMC3318397/			Acquired high-level resistance mechanism; native ileS gene presence is not a resistance state.
Staphylococcus aureus	trimethoprim	dfrA	dfrA;dfrS1	presence_absence	https://pmc.ncbi.nlm.nih.gov/articles/PMC10154128/	trimethoprim|resistan		Trimethoprim-component determinant; not sufficient for the combination phenotype. folP/native dfrB variants require review.
Staphylococcus aureus	trimethoprim	dfrG	dfrG	presence_absence	https://pmc.ncbi.nlm.nih.gov/articles/PMC10154128/	trimethoprim|resistan		Trimethoprim-component determinant; not sufficient for the combination phenotype. folP/native dfrB variants require review.
Staphylococcus aureus	trimethoprim	dfrK	dfrK	presence_absence	https://pmc.ncbi.nlm.nih.gov/articles/PMC10154128/	trimethoprim|resistan		Trimethoprim-component determinant; not sufficient for the combination phenotype. folP/native dfrB variants require review.
Staphylococcus aureus	trimethoprim_sulfamethoxazole	dfrA	dfrA;dfrS1	presence_absence	https://pmc.ncbi.nlm.nih.gov/articles/PMC10154128/	trimethoprim|resistan		Trimethoprim-component determinant; not sufficient for the combination phenotype. folP/native dfrB variants require review.
Staphylococcus aureus	trimethoprim_sulfamethoxazole	dfrG	dfrG	presence_absence	https://pmc.ncbi.nlm.nih.gov/articles/PMC10154128/	trimethoprim|resistan		Trimethoprim-component determinant; not sufficient for the combination phenotype. folP/native dfrB variants require review.
Staphylococcus aureus	trimethoprim_sulfamethoxazole	dfrK	dfrK	presence_absence	https://pmc.ncbi.nlm.nih.gov/articles/PMC10154128/	trimethoprim|resistan		Trimethoprim-component determinant; not sufficient for the combination phenotype. folP/native dfrB variants require review.
Staphylococcus aureus	ciprofloxacin	gyrA	gyrA	mutation_deferred	https://pmc.ncbi.nlm.nih.gov/articles/PMC105791/			QRDR variant states, not presence of the core target gene.
Staphylococcus aureus	ciprofloxacin	grlA	grlA;parC	mutation_deferred	https://pmc.ncbi.nlm.nih.gov/articles/PMC105791/			QRDR variant states, not presence of the core target gene.
Staphylococcus aureus	levofloxacin	gyrA	gyrA	mutation_deferred	https://pmc.ncbi.nlm.nih.gov/articles/PMC105791/			QRDR variant states, not presence of the core target gene.
Staphylococcus aureus	levofloxacin	grlA	grlA;parC	mutation_deferred	https://pmc.ncbi.nlm.nih.gov/articles/PMC105791/			QRDR variant states, not presence of the core target gene.
Staphylococcus aureus	moxifloxacin	gyrA	gyrA	mutation_deferred	https://pmc.ncbi.nlm.nih.gov/articles/PMC105791/			QRDR variant states, not presence of the core target gene.
Staphylococcus aureus	moxifloxacin	grlA	grlA;parC	mutation_deferred	https://pmc.ncbi.nlm.nih.gov/articles/PMC105791/			QRDR variant states, not presence of the core target gene.
Staphylococcus aureus	fusidic_acid	fusA	fusA	mutation_deferred	https://pmc.ncbi.nlm.nih.gov/articles/PMC1855526/			Relevant target mutations require allele calling.
Klebsiella pneumoniae	tetracycline	tetA	tetA	presence_absence	https://pmc.ncbi.nlm.nih.gov/articles/PMC1068614/			Enterobacteriaceae efflux determinant; label alone does not verify an intact gene.
Klebsiella pneumoniae	tetracycline	tetB	tetB	presence_absence	https://pmc.ncbi.nlm.nih.gov/articles/PMC1068614/			Enterobacteriaceae efflux determinant; label alone does not verify an intact gene.
Klebsiella pneumoniae	imipenem	blaKPC-2	blaKPC-2;KPC-2	presence_absence	https://pmc.ncbi.nlm.nih.gov/articles/PMC9206769/			Specific allele label screen; generic family labels, porin/expression states and other carbapenemases require baseline review.
Klebsiella pneumoniae	imipenem	blaNDM-1	blaNDM-1;NDM-1	presence_absence	https://pmc.ncbi.nlm.nih.gov/articles/PMC9206769/			Specific allele label screen; generic family labels, porin/expression states and other carbapenemases require baseline review.
Klebsiella pneumoniae	meropenem	blaKPC-2	blaKPC-2;KPC-2	presence_absence	https://pmc.ncbi.nlm.nih.gov/articles/PMC9206769/			Specific allele label screen; generic family labels, porin/expression states and other carbapenemases require baseline review.
Klebsiella pneumoniae	meropenem	blaNDM-1	blaNDM-1;NDM-1	presence_absence	https://pmc.ncbi.nlm.nih.gov/articles/PMC9206769/			Specific allele label screen; generic family labels, porin/expression states and other carbapenemases require baseline review.
Klebsiella pneumoniae	ertapenem	blaKPC-2	blaKPC-2;KPC-2	presence_absence	https://pmc.ncbi.nlm.nih.gov/articles/PMC9206769/			Specific allele label screen; generic family labels, porin/expression states and other carbapenemases require baseline review.
Klebsiella pneumoniae	ertapenem	blaNDM-1	blaNDM-1;NDM-1	presence_absence	https://pmc.ncbi.nlm.nih.gov/articles/PMC9206769/			Specific allele label screen; generic family labels, porin/expression states and other carbapenemases require baseline review.
Klebsiella pneumoniae	ceftriaxone	blaCTX-M-15	blaCTX-M-15;CTX-M-15	presence_absence	https://journals.asm.org/doi/10.1128/aac.48.1.362-364.2004			Specific CTX-M-15 annotation only; generic CTX-M, TEM and SHV labels require allele review.
Klebsiella pneumoniae	cefotaxime	blaCTX-M-15	blaCTX-M-15;CTX-M-15	presence_absence	https://journals.asm.org/doi/10.1128/aac.48.1.362-364.2004			Specific CTX-M-15 annotation only; generic CTX-M, TEM and SHV labels require allele review.
Klebsiella pneumoniae	ceftazidime	blaCTX-M-15	blaCTX-M-15;CTX-M-15	presence_absence	https://journals.asm.org/doi/10.1128/aac.48.1.362-364.2004			Specific CTX-M-15 annotation only; generic CTX-M, TEM and SHV labels require allele review.
Klebsiella pneumoniae	ciprofloxacin	qnrB4	qnrB4	presence_absence	https://pmc.ncbi.nlm.nih.gov/articles/PMC4173980/			Acquired reduced-susceptibility determinant; QRDR mutations remain essential baseline follow-up.
Klebsiella pneumoniae	ciprofloxacin	qnrS1	qnrS1	presence_absence	https://pmc.ncbi.nlm.nih.gov/articles/PMC4173980/			Acquired reduced-susceptibility determinant; QRDR mutations remain essential baseline follow-up.
Klebsiella pneumoniae	ciprofloxacin	gyrA	gyrA	mutation_deferred	https://pubmed.ncbi.nlm.nih.gov/18505849/			QRDR variant states; other target/efflux variants require curation.
Klebsiella pneumoniae	tigecycline	tetA	tetA	mutation_deferred	https://pmc.ncbi.nlm.nih.gov/articles/PMC7943888/			Relevant tetA mutations, not tetA presence alone; regulatory variants also require curation.
Neisseria gonorrhoeae	tetracycline	tetM	tetM	presence_absence	https://pmc.ncbi.nlm.nih.gov/articles/PMC176510/			Acquired ribosomal protection; chromosomal resistance mechanisms remain deferred.
Neisseria gonorrhoeae	amoxicillin	blaTEM	blaTEM;TEM;blaTEM-1;TEM-1;blaTEM-1B;TEM-1B;blaTEM-106;TEM-106	presence_absence	https://pmc.ncbi.nlm.nih.gov/articles/PMC10117772/			Penicillin mapping only; do not extrapolate to ceftriaxone or cefixime.
Neisseria gonorrhoeae	benzylpenicillin	blaTEM	blaTEM;TEM;blaTEM-1;TEM-1;blaTEM-1B;TEM-1B;blaTEM-106;TEM-106	presence_absence	https://pmc.ncbi.nlm.nih.gov/articles/PMC10117772/			Penicillin mapping only; do not extrapolate to ceftriaxone or cefixime.
Neisseria gonorrhoeae	tetracycline	rpsJ	rpsJ	mutation_deferred	https://pubmed.ncbi.nlm.nih.gov/16189114/			Chromosomal variant states, not gene presence.
Neisseria gonorrhoeae	tetracycline	mtrR	mtrR	mutation_deferred	https://pubmed.ncbi.nlm.nih.gov/16189114/			Chromosomal variant states, not gene presence.
Neisseria gonorrhoeae	tetracycline	porB	porB;penB	mutation_deferred	https://pubmed.ncbi.nlm.nih.gov/16189114/			Chromosomal variant states, not gene presence.
Staphylococcus aureus	gentamicin	aac(6')-Ie/aph(2'')-Ia	aac6Ie;aac(6')-Ie;aac(6')-Ie-aph(2'')-Ia;aac(6')-Ie/aph(2'')-Ia	presence_absence	https://pubmed.ncbi.nlm.nih.gov/11526138/	bifunctional|APH\(2		Bifunctional enzyme product required; generic AAC labels are insufficient.
Staphylococcus aureus	tobramycin	aac(6')-Ie/aph(2'')-Ia	aac6Ie;aac(6')-Ie;aac(6')-Ie-aph(2'')-Ia;aac(6')-Ie/aph(2'')-Ia	presence_absence	https://pubmed.ncbi.nlm.nih.gov/11526138/	bifunctional|APH\(2		Bifunctional enzyme product required; generic AAC labels are insufficient.
Staphylococcus aureus	tobramycin	ant(4')-Ia	ant(4')-Ia;aadD;aadD1	presence_absence	https://pubmed.ncbi.nlm.nih.gov/11526138/			Do not extrapolate to gentamicin.
Staphylococcus aureus	tetracycline	tetL	tetL	presence_absence	https://pmc.ncbi.nlm.nih.gov/articles/PMC3318316/			Acquired efflux determinant; other tet determinants may require curation.
Staphylococcus aureus	linezolid	cfr	cfr	presence_absence	https://pmc.ncbi.nlm.nih.gov/articles/PMC3318316/			Acquired rRNA methylation; expression and target variants require follow-up.
Staphylococcus aureus	clindamycin	cfr	cfr	presence_absence	https://pmc.ncbi.nlm.nih.gov/articles/PMC3318316/			Acquired rRNA methylation; expression and target variants require follow-up.
Staphylococcus aureus	chloramphenicol	cfr	cfr	presence_absence	https://pmc.ncbi.nlm.nih.gov/articles/PMC3318316/			Acquired rRNA methylation; expression and target variants require follow-up.
Neisseria gonorrhoeae	ciprofloxacin	gyrA	gyrA	mutation_deferred	https://pubmed.ncbi.nlm.nih.gov/7830580/			QRDR mutation states, not core gene presence.
Neisseria gonorrhoeae	ciprofloxacin	parC	parC	mutation_deferred	https://pubmed.ncbi.nlm.nih.gov/7830580/			QRDR mutation states, not core gene presence.
Neisseria gonorrhoeae	ceftriaxone	penA	penA	mutation_deferred	https://pmc.ncbi.nlm.nih.gov/articles/PMC2737842/			Mosaic/variant PBP2 states and additional chromosomal determinants require allele calling.
Neisseria gonorrhoeae	cefixime	penA	penA	mutation_deferred	https://pmc.ncbi.nlm.nih.gov/articles/PMC2737842/			Mosaic/variant PBP2 states and additional chromosomal determinants require allele calling.
